{
 "0": {
  "SSIM": 0.2872161865234375,
  "PSNR": 9.190784454345703,
  "LPIPS": 0.6460360288619995
 }
}