{
  "SSIM": 0.2930866777896881,
  "PSNR": 9.302560806274414,
  "LPIPS": 0.6510788202285767
}