{
  "SSIM": 0.44137445092201233,
  "PSNR": 11.48769474029541,
  "LPIPS": 0.5002502202987671
}