{
  "SSIM": 0.3263112008571625,
  "PSNR": 8.928764343261719,
  "LPIPS": 0.722686767578125
}