{
 "20": {
  "SSIM": 0.4558374583721161,
  "PSNR": 11.174560546875,
  "LPIPS": 0.6298767328262329
 }
}