{
  "SSIM": 0.3030910789966583,
  "PSNR": 9.976092338562012,
  "LPIPS": 0.6369932889938354
}